Node,fill_ratio
0.0,0.0
183.0,0.7153223105291356
257.0,0.8247324571461215
180.0,0.6870911815914791
160.0,0.9305146322678394
6.0,0.8479283459851419
62.0,0.7741531187104127
171.0,0.974087205321398
57.0,0.729060705198549
79.0,0.9351171731828486
41.0,0.6529563948293644
234.0,0.8552991166219714
187.0,0.3323398092248735
147.0,0.7269981284444795
0.0,9.985600579053614
