Node,fill_ratio
0.0,0.0
33.0,0.6247999220727483
275.0,0.7778924758331541
293.0,0.7219354116544541
294.0,0.985861581653141
147.0,0.766025469463817
256.0,0.6002642029489854
135.0,0.8997140967419527
84.0,0.9804310648549652
52.0,0.5706839375049916
265.0,0.9987529381011799
163.0,0.9143611817294613
20.0,0.3367158314665726
258.0,0.30495332425643695
165.0,0.28732505239349376
201.0,0.1870130030859475
0.0,9.9567294937613
