Node,fill_ratio
0.0,0.0
229.0,0.4043762007162456
294.0,0.293746801625561
117.0,0.22491110160409772
227.0,0.2785171692436147
182.0,0.3368134249588745
193.0,0.41579468531268343
110.0,0.7361647980408639
157.0,0.7784933432888621
4.0,0.1642753161630598
192.0,0.5166938429100765
275.0,0.6232127815556224
172.0,0.7839724907195805
264.0,0.5114593700085888
165.0,0.7697650737001995
200.0,0.8212071710213247
236.0,0.9825029590241582
183.0,0.6258153336817173
256.0,0.679493511653465
0.0,9.947215375228597
