Node,fill_ratio
0.0,0.0
140.0,0.6665384552976888
97.0,0.023778856115440738
99.0,0.13328477078470105
236.0,0.7566227880899452
293.0,0.5426838766601493
256.0,0.7899120017028454
297.0,0.7924655922586846
201.0,0.9685550338342012
102.0,0.31828415346352723
130.0,0.7545179377926712
4.0,0.8302976267678641
126.0,0.3253700182338089
170.0,0.4702489856599762
67.0,0.6265975416966625
163.0,0.0402227712747659
275.0,0.09542089691167914
28.0,0.8632404428394763
165.0,0.9927829348116557
0.0,9.990824684195745
