Node,fill_ratio
0.0,0.0
294.0,0.8763973937795889
96.0,0.6761585589575799
208.0,0.8192291895561944
105.0,0.7132759361141849
227.0,0.6988583777997415
106.0,0.8507644815834651
292.0,0.36714572927431577
140.0,0.30632146768194507
68.0,0.9505724338356097
245.0,0.8766046423982066
182.0,0.9933898863652252
108.0,0.7763586950813527
117.0,0.7735575679024321
155.0,0.3082725914632859
0.0,9.986906951793129
