Node,fill_ratio
0.0,0.0
13.0,0.3418653719366941
227.0,0.7565335841111602
140.0,0.9736581079218574
267.0,0.9203439572728026
70.0,0.24052019736062316
186.0,0.1847006518972778
68.0,0.867818914012584
200.0,0.7968145414145893
195.0,0.8291821722835543
225.0,0.8096414238693821
189.0,0.65082887583373
182.0,0.40609052008465335
108.0,0.6639176281376128
117.0,0.6460034892367129
288.0,0.19183543469795955
247.0,0.14451617032933164
14.0,0.5462089088258312
0.0,9.970479949226355
