Node,fill_ratio
0.0,0.0
208.0,0.22647032402128464
294.0,0.4007903050115617
96.0,0.5178331043716295
140.0,0.768064957715682
105.0,0.638641494828801
227.0,0.6156138989795705
288.0,0.5268026757787833
229.0,0.9804241712360068
14.0,0.3824303370686783
267.0,0.5825347322644863
186.0,0.8778077691169364
68.0,0.531193407124597
66.0,0.6781225071543605
110.0,0.4025204779623985
195.0,0.862676404911636
7.0,0.7124202785331615
0.0,9.704346846079572
