Node,fill_ratio
0.0,0.0
180.0,0.7353453218142022
52.0,0.21043589796384887
256.0,0.6317619824647122
66.0,0.7849587211093662
201.0,0.9734033110909553
192.0,0.9758050458660193
234.0,0.9469899142706407
296.0,0.8055268624050334
57.0,0.5654762869242711
79.0,0.9937962678085002
89.0,0.15097683368286335
237.0,0.9297553768544591
178.0,0.7117296983574013
257.0,0.574925735169365
0.0,9.99088725578164
