Node,fill_ratio
0.0,0.0
180.0,0.8172592689875229
99.0,0.6956389407675388
20.0,0.7372276772498267
147.0,0.6810951276073794
57.0,0.9440153493634879
84.0,0.8813861246873297
265.0,0.3393236765434825
165.0,0.30866488221453314
31.0,0.9121071649405322
172.0,0.9515038205216223
297.0,0.7808488638073291
200.0,0.8109209033881953
256.0,0.8232215728024691
102.0,0.1201596851929536
187.0,0.19262688135934875
0.0,9.99599993943355
