Node,fill_ratio
0.0,0.0
294.0,0.77897081901684
208.0,0.9733569990781201
96.0,0.5024955128431929
292.0,0.6085143214396709
106.0,0.6880433207858314
288.0,0.4386514813875292
227.0,0.34888815126912753
70.0,0.5920180280474634
267.0,0.7530488097637063
186.0,0.6601727007951715
68.0,0.6339703743385406
258.0,0.8791967832680782
200.0,0.8522565864916916
256.0,0.894554077971638
0.0,9.604137966496602
