Node,fill_ratio
0.0,0.0
237.0,0.9187237493338305
151.0,0.860264644836686
155.0,0.19463187487326508
171.0,0.912232256733486
58.0,0.8137498961562535
79.0,0.9429496172924031
89.0,0.8557858911507302
41.0,0.552709570166698
296.0,0.20215276941196253
178.0,0.9023079734420988
163.0,0.5386378112781175
254.0,0.909584926633788
28.0,0.4526536481115096
264.0,0.2899193189933534
275.0,0.5895979936919883
135.0,0.04659492226594814
0.0,9.982496864372118
