Node,fill_ratio
0.0,0.0
296.0,0.7793632650477182
41.0,0.7958326589504415
275.0,0.7551177893054172
114.0,0.749214788521456
135.0,0.9895870741406698
79.0,0.905578177991991
58.0,0.6015863361362506
171.0,0.7119022299457257
155.0,0.7570848688815736
178.0,0.7816198250699428
257.0,0.389927601280619
160.0,0.8025193308569005
6.0,0.8248199482508465
153.0,0.11865782603674122
0.0,9.962811720416296
