Node,fill_ratio
0.0,0.0
97.0,0.6134262615212319
267.0,0.7212540974297396
20.0,0.5636731020676297
193.0,0.8053576701617757
66.0,0.5518106101029409
7.0,0.6461374549391475
247.0,0.7157437146005512
4.0,0.8841151729902772
195.0,0.5996576928807555
31.0,0.8455322912747298
264.0,0.9705520073150068
225.0,0.9698493794836781
174.0,0.11464780302217648
201.0,0.9275374204635835
0.0,9.929294678253223
