Node,fill_ratio
0.0,0.0
208.0,0.6619136326370115
96.0,0.40868599699273994
227.0,0.6133866167014903
267.0,0.6910558127392618
189.0,0.5952128341268748
157.0,0.990833867774754
126.0,0.8848551176960043
174.0,0.9354845135274957
192.0,0.2221904489549058
127.0,0.7793419659540625
114.0,0.8690105410395084
57.0,0.802186933745012
172.0,0.8571712200682673
39.0,0.474753463709543
165.0,0.15407261842970305
0.0,9.940155584096635
