Node,fill_ratio
0.0,0.0
96.0,0.7253263907358781
106.0,0.8345282861632455
292.0,0.6228690141523794
99.0,0.9765339981032016
68.0,0.9978434051077048
108.0,0.6463099336573813
117.0,0.9825684240930928
105.0,0.0652767575664639
140.0,0.8428938286345496
288.0,0.7949228553385828
227.0,0.8385227286991347
182.0,0.6917373366355184
33.0,0.41358744250610474
229.0,0.3124092292116239
14.0,0.24990198155488885
0.0,9.99523161215975
