Node,fill_ratio
0.0,0.0
7.0,0.7226497023608565
102.0,0.25570435727211
165.0,0.532823887087251
67.0,0.866103866899532
157.0,0.8178074755172207
4.0,0.30315887054164087
225.0,0.532742771532714
201.0,0.34131575910286316
193.0,0.7559626034794212
245.0,0.9103145356577018
195.0,0.7020302744128166
182.0,0.6915835161595435
247.0,0.9266663970056446
31.0,0.7221856398206759
130.0,0.6572726031560528
66.0,0.2538386784912108
0.0,9.992160938497253
