Node,fill_ratio
0.0,0.0
208.0,0.7906595260456108
294.0,0.9668974610128288
96.0,0.9123529350040251
288.0,0.8085132732604108
292.0,0.9019102935173435
106.0,0.15157211299459772
195.0,0.9415742202863223
189.0,0.8226873411735109
182.0,0.6603410138326424
245.0,0.1894582223807565
225.0,0.9961515955556922
247.0,0.7535074918450942
193.0,0.8172419886788824
66.0,0.280992560618711
0.0,9.99386003620643
