Node,fill_ratio
0.0,0.0
281.0,0.5737442425445864
97.0,0.9316331073888833
169.0,0.924797657365041
102.0,0.9840602423075694
157.0,0.2835425564073064
4.0,0.9296272419062512
130.0,0.9197680170478124
170.0,0.5657239404038213
67.0,0.5803127067361522
264.0,0.9164186841864247
254.0,0.7526717860783736
31.0,0.9837885854955316
193.0,0.6473308501668861
0.0,9.993419618034642
