Node,fill_ratio
0.0,0.0
213.0,0.7511771369540428
67.0,0.38732251797531403
247.0,0.6792267163195024
264.0,0.9148314053944847
258.0,0.9015873823238013
4.0,0.5192942954312454
201.0,0.4961211813611852
170.0,0.36886878868095313
275.0,0.416634782371054
225.0,0.7723332427071468
234.0,0.782528859098065
296.0,0.7597500271427439
163.0,0.4555006561646091
41.0,0.7986368689164977
147.0,0.07960066312332041
257.0,0.8926419519862523
0.0,9.97605647595022
