Node,fill_ratio
0.0,0.0
52.0,0.4737732925144229
153.0,0.9377461361350066
147.0,0.24094735737007894
297.0,0.6487810057074676
130.0,0.8722517251732628
4.0,0.4730479845690822
127.0,0.819339058366634
278.0,0.6316440509005307
213.0,0.2565116405181346
126.0,0.5904554634365196
67.0,0.7808326443345147
192.0,0.4439740795110045
201.0,0.6858662745699082
254.0,0.4525598310205259
165.0,0.6904056100999264
84.0,0.9668714851953331
0.0,9.965007639422353
