Node,fill_ratio
0.0,0.0
13.0,0.724598286847629
182.0,0.9309628775614676
140.0,0.965544345628821
108.0,0.6434616120351431
117.0,0.9471614629002478
105.0,0.9400233747025775
24.0,0.3918145905312971
229.0,0.9131653557126149
33.0,0.8174848976467536
110.0,0.6897788037701135
193.0,0.9715450985762843
66.0,0.9292248016543114
70.0,0.019155485551252904
236.0,0.09578453288352637
0.0,9.979705526002038
