Node,fill_ratio
0.0,0.0
157.0,0.6415702955650998
114.0,0.8582535464880219
31.0,0.7445918087600828
174.0,0.4767952239003832
147.0,0.870810424775618
135.0,0.7405028913806381
171.0,0.8929818259435306
296.0,0.6712291999319175
79.0,0.2906236809602842
187.0,0.9943434814494738
178.0,0.23209737035570513
160.0,0.8547438845418664
57.0,0.8601225757345085
257.0,0.8615170792255901
0.0,9.990183289012718
