Node,fill_ratio
0.0,0.0
14.0,0.9180475698814484
229.0,0.8679887195087422
13.0,0.2511528112092767
24.0,0.2588402502785848
105.0,0.6005347608302424
267.0,0.9107987642871181
193.0,0.9892125708583025
110.0,0.7256856446598704
245.0,0.37670593073009956
213.0,0.9481940574725807
157.0,0.11461368955851178
126.0,0.8888793356001435
247.0,0.7539439184949024
225.0,0.39750322109030484
195.0,0.6725636258431037
297.0,0.2856495665155467
0.0,9.960314436818779
