Node,fill_ratio
0.0,0.0
187.0,0.8328935948872295
6.0,0.6765425443090001
257.0,0.5696344734379587
296.0,0.8404427505460201
234.0,0.8353006824127923
41.0,0.6269817576314807
89.0,0.8366202103676581
57.0,0.9989098131525064
114.0,0.6812992121367578
163.0,0.8103292028002385
172.0,0.8703326882676193
254.0,0.40670308116961873
264.0,0.4034931279880974
31.0,0.5570222889780633
0.0,9.946505428085041
