Node,fill_ratio
0.0,0.0
281.0,0.8012099002436289
106.0,0.9879888631582217
288.0,0.786045541211096
14.0,0.3098973445030534
245.0,0.9328053046663257
108.0,0.36417241778562665
189.0,0.9955453405108764
127.0,0.5911860177572118
247.0,0.7268610379892746
193.0,0.750717455625953
66.0,0.21008467714826318
70.0,0.48010571003721864
182.0,0.32948160385166464
117.0,0.7330915436772044
292.0,0.9330220047147787
0.0,9.932214762880397
