Node,fill_ratio
0.0,0.0
281.0,0.4386553813503745
292.0,0.8507224575799768
182.0,0.5602414637830525
227.0,0.3993539001230523
24.0,0.7497650719080854
70.0,0.43742515284130473
96.0,0.41832685123451424
68.0,0.7595759289507121
105.0,0.7137156340579363
229.0,0.6535735796106862
288.0,0.42687883094773804
294.0,0.6121559572095573
140.0,0.4515429930193406
13.0,0.513986732916769
106.0,0.3910576968011199
186.0,0.3919747746006629
208.0,0.7535522866165014
267.0,0.43358681529989646
0.0,9.956091508851282
