Node,fill_ratio
0.0,0.0
194.0,0.7948937497064975
97.0,0.6146466324829039
99.0,0.6971645547097339
183.0,0.993583876430618
236.0,0.5104840349891621
258.0,0.9672572971562972
84.0,0.7367605947320999
28.0,0.8269977957183943
41.0,0.8304770286866243
147.0,0.6527261921519626
153.0,0.6557436728290772
135.0,0.10592107633586835
6.0,0.847930869747245
73.0,0.7523389843370711
0.0,9.986926360013555
