Node,fill_ratio
0.0,0.0
7.0,0.8138291315928432
195.0,0.7288075849608862
110.0,0.9377937243446381
245.0,0.5473436777433613
4.0,0.6880404603457213
278.0,0.9677791367370419
192.0,0.7663605846657969
39.0,0.9840732746137615
275.0,0.8476716433653831
67.0,0.44694329748118516
170.0,0.5572857661738871
201.0,0.5056451320656193
264.0,0.3230031320999586
41.0,0.866708952934208
0.0,9.981285499124294
