Node,fill_ratio
0.0,0.0
111.0,0.09493200956561809
62.0,0.9907126681276872
65.0,0.8175094275342799
160.0,0.8203450150475304
264.0,0.7830021987672112
275.0,0.966282966216495
172.0,0.9788160834515556
57.0,0.9472270273467108
79.0,0.795100802100984
58.0,0.9549583817135222
171.0,0.05583822087647439
155.0,0.5791568630988579
237.0,0.7265855250918375
89.0,0.32663428670034195
169.0,0.15832520908608724
0.0,9.99542668472519
