Node,fill_ratio
0.0,0.0
65.0,0.4735301628464783
62.0,0.9690775208278548
111.0,0.2493058778021718
151.0,0.5294655649096215
237.0,0.3757206265737186
155.0,0.3242014360619371
171.0,0.5875895588936597
89.0,0.176655937450994
79.0,0.366565893147819
58.0,0.27333473888644466
135.0,0.7234961873586077
57.0,0.933381049372825
114.0,0.5850162971613069
278.0,0.9273706463798389
127.0,0.77106922089079
126.0,0.6774536819795116
170.0,0.9255873054370123
0.0,9.868821705980592
