Node,fill_ratio
0.0,0.0
14.0,0.046964422407667294
229.0,0.3006296486764705
13.0,0.7040526566510712
281.0,0.12938572387098352
24.0,0.7951857418411037
105.0,0.7502205279729336
117.0,0.6679425307234165
245.0,0.8965636892830434
110.0,0.7150591898221711
193.0,0.4409587258624422
247.0,0.4903327498984063
225.0,0.4690804626102488
157.0,0.8910874012557763
102.0,0.7290735338870439
169.0,0.47460430505434437
174.0,0.5651938315149225
163.0,0.6878180110006582
0.0,9.754153152332702
