Node,fill_ratio
0.0,0.0
14.0,0.557424744670142
13.0,0.7194453917403824
24.0,0.6853686321653396
281.0,0.27890294590672715
229.0,0.11759855194293252
117.0,0.017618753538188408
33.0,0.48561153312442384
108.0,0.5454080314930427
157.0,0.9650662154091552
4.0,0.19203281582474202
213.0,0.8515081077451685
278.0,0.6999222016162812
126.0,0.8855982045875337
201.0,0.6672326894153813
102.0,0.8413265880814049
169.0,0.43721421894245893
225.0,0.9955976884061729
0.0,9.942877314609477
