Node,fill_ratio
0.0,0.0
194.0,0.7460934621942268
97.0,0.4216701320745459
180.0,0.2843439098197933
52.0,0.4559871843437328
153.0,0.5349667056654044
147.0,0.41609766463103265
114.0,0.13029518878046356
84.0,0.677246925740923
20.0,0.8616435488114403
258.0,0.8090794913137206
256.0,0.5393141710640718
200.0,0.6669985849051678
68.0,0.9631885251896268
293.0,0.6099255694774548
236.0,0.809946753729202
183.0,0.5727842506588345
99.0,0.49759979880614574
0.0,9.997181867205787
