Node,fill_ratio
0.0,0.0
208.0,0.45930368821307377
39.0,0.9449925328675758
66.0,0.6628026797199048
236.0,0.8888663445565171
200.0,0.9018440771676979
225.0,0.6870699764846302
245.0,0.6027693276125131
7.0,0.6498863230201787
31.0,0.2696215843602198
256.0,0.9165980626630067
258.0,0.7952218943944835
102.0,0.9805842672290304
297.0,0.20869194772711783
195.0,0.8817980544298689
193.0,0.13497825343720837
0.0,9.985029013883025
