Node,fill_ratio
0.0,0.0
6.0,0.785331691138784
28.0,0.37776336200954297
180.0,0.14564837149855736
39.0,0.7649798778531587
102.0,0.8733680996516128
114.0,0.3737615856267757
127.0,0.7424934968935449
213.0,0.7598145144967996
174.0,0.798520612499319
170.0,0.499902642266429
201.0,0.6328514336017516
192.0,0.7840928896242494
4.0,0.3120000981315915
126.0,0.6895522196114753
157.0,0.3974494091841676
278.0,0.6187062167171153
130.0,0.3960109313846691
0.0,9.952247452189543
