Node,fill_ratio
0.0,0.0
99.0,0.49724361960449237
236.0,0.4889385129373013
293.0,0.2788599131341595
258.0,0.47396829656327333
195.0,0.8518638234572494
66.0,0.1909557182480966
189.0,0.5723875163607445
157.0,0.919713134834379
127.0,0.7904274462905282
192.0,0.6003394061168157
67.0,0.5770846303504975
126.0,0.6785541994924749
170.0,0.547373354140169
4.0,0.7945179982970195
213.0,0.7672060065589493
278.0,0.7935285209453512
0.0,9.822962097331501
