Node,fill_ratio
0.0,0.0
143.0,0.9949078226464353
136.0,0.9691026301408113
142.0,0.9279872774156755
141.0,0.8910634490130571
125.0,0.8038781028439226
148.0,0.7733934383795226
112.0,0.7153737842334492
115.0,0.6227630573403256
146.0,0.5089700350724525
118.0,0.5838361686927842
120.0,0.44443165786417577
122.0,0.4501103113992371
100.0,0.3473888419722807
124.0,0.36571096571937467
121.0,0.3265849551454719
154.0,0.26781683909245374
0.0,9.99331933697143
