Node,fill_ratio
0.0,0.0
61.0,0.9877223897360315
25.0,0.9849429385921129
18.0,0.8769590279968136
30.0,0.7761980624570746
37.0,0.7798999401152387
15.0,0.6575282453661643
12.0,0.5905287390555694
8.0,0.518342526459459
36.0,0.5211441001993842
34.0,0.45486121466425355
45.0,0.4394121277074758
50.0,0.4390601812085793
51.0,0.4406459804903451
38.0,0.39014948467088917
47.0,0.4296382072347844
42.0,0.25645174880651916
53.0,0.2549235671540976
5.0,0.0
0.0,9.798408481914793
