Node,fill_ratio
0.0,0.0
112.0,0.2464020332391068
94.0,0.7281887562036033
91.0,0.15957161049120433
115.0,0.8392019485651813
125.0,0.1541551991141289
191.0,0.03394597858579884
80.0,0.6946273119831395
82.0,0.4731494954468546
78.0,0.6027022553453328
86.0,0.8207097378972316
77.0,0.382518438032569
92.0,0.31227679534081904
76.0,0.7128747727258754
95.0,0.6591445805348427
61.0,0.96117344616234
100.0,0.8252433048517169
51.0,0.7010377286446261
101.0,0.6561150759930671
0.0,9.963038469157441
