Node,fill_ratio
0.0,0.0
95.0,0.9911686261369765
86.0,0.9459521712952446
101.0,0.9427317741351257
76.0,0.953816211456532
82.0,0.8887260999040291
77.0,0.8009489040415017
69.0,0.6912043755676116
92.0,0.6648165542370058
91.0,0.5445974868747495
63.0,0.49454662605653144
64.0,0.46943612096295756
80.0,0.4638343344898697
78.0,0.3341621687891512
71.0,0.3329592994433918
94.0,0.3111017316350148
0.0,9.830002485025691
