Node,fill_ratio
0.0,0.0
2.0,0.9507143064099162
17.0,0.8692380110095065
23.0,0.9725320899613688
21.0,0.7566438327934598
19.0,0.6265968336928791
9.0,0.5999198678994333
26.0,0.83440418481262
3.0,0.768975321677937
40.0,0.5657033597564783
1.0,0.5179896946788071
35.0,0.4229139032894766
27.0,0.451004228755987
29.0,0.40104340595032284
11.0,0.3373399241183461
10.0,0.2986567213935726
16.0,0.2777774973837695
22.0,0.1983673833896234
0.0,9.849820566973504
