Node,fill_ratio
0.0,0.0
74.0,0.5142344384136116
113.0,0.4997349461816911
85.0,0.19415095555560102
104.0,0.6917368353175133
90.0,0.9687535582674002
81.0,0.12488945523132929
55.0,0.30786666875960134
83.0,0.6317982250208265
72.0,0.2508747612973443
59.0,0.4875243768389383
98.0,0.4118676361584162
93.0,0.8275881453819938
88.0,0.9556586399065372
48.0,0.662939555280081
75.0,0.6246011116579336
56.0,0.4431624866730675
44.0,0.49840298645860626
60.0,0.8180633625179989
0.0,9.91384814491849
