Node,fill_ratio
0.0,0.0
88.0,0.9656320330745594
72.0,0.5142344384136116
59.0,0.7929875993670309
90.0,0.8286377498536691
87.0,0.9509904456673238
103.0,0.716619508375276
56.0,0.5609903592100864
81.0,0.6742439283270146
46.0,0.6422313652257439
74.0,0.6205364838170601
43.0,0.5622985888604184
55.0,0.41240913539142376
44.0,0.36608085358578696
49.0,0.39294083236312943
48.0,0.3111653508156697
60.0,0.2953409979644773
32.0,0.33281680813361725
0.0,9.940156478445898
