Node,fill_ratio
0.0,0.0
59.0,0.045227288910538066
49.0,0.5545613420661529
93.0,0.7837781640164009
88.0,0.6541665049940659
48.0,0.5436622391543332
60.0,0.3628208147200321
87.0,0.7443284341813272
44.0,0.9194074960902541
75.0,0.726978009437963
72.0,0.31828575491960787
83.0,0.41831610322351215
56.0,0.9316248392944753
129.0,0.19173312677148507
90.0,0.5753018771872592
46.0,0.7029744796700831
74.0,0.8175099248612061
55.0,0.6409310539019256
0.0,9.931607453400622
