Node,fill_ratio
0.0,0.0
246.0,0.9283185625877254
241.0,0.9404585843529143
141.0,0.9624472949421112
34.0,0.9494623156342354
61.0,0.4616810224759736
274.0,0.9240151509317198
179.0,0.9423731921341404
242.0,0.9605376036959147
248.0,0.9691245391434785
12.0,0.9755713951569853
51.0,0.9726744456131495
0.0,9.986664106668348
