Node,fill_ratio
0.0,0.0
248.0,0.9666548190436696
252.0,0.4145002254001976
51.0,0.9695846277645586
34.0,0.9516224560478551
241.0,0.9404585843529143
53.0,0.9474942181863798
246.0,0.9323156371951321
141.0,0.9666820018846914
12.0,0.9712704472702007
209.0,0.016559370415166957
242.0,0.9561318143367371
179.0,0.9404613866370415
0.0,9.973735588534543
