Node,fill_ratio
0.0,0.0
248.0,0.9666548190436696
246.0,0.9336816524141655
53.0,0.9400732051284145
241.0,0.9438923520764204
34.0,0.9488855372533332
51.0,0.9723249338657588
242.0,0.9539285770025874
12.0,0.9699098521619943
141.0,0.9651825245286891
252.0,0.4313019459209289
179.0,0.943296507675902
0.0,9.969131907071862
