Node,fill_ratio
0.0,0.0
248.0,0.9666548190436696
287.0,0.47071150801462663
242.0,0.956306436406403
51.0,0.9707079592208013
34.0,0.9502997207985967
241.0,0.941172132616939
12.0,0.9699098521619943
53.0,0.9425477653985715
141.0,0.9624472949421112
243.0,0.9273777409981449
246.0,0.9376335469865629
0.0,9.99576877658842
