Node,fill_ratio
0.0,0.0
248.0,0.9666548190436696
179.0,0.9367299887367345
34.0,0.9488855372533332
241.0,0.9404585843529143
53.0,0.9394989415641891
246.0,0.9283185625877254
141.0,0.9624472949421112
12.0,0.9699098521619943
287.0,0.46559801813246016
209.0,0.005061583846218687
51.0,0.9695846277645586
242.0,0.9539285770025874
0.0,9.987076387388496
