Node,fill_ratio
0.0,0.0
248.0,0.9666548190436696
61.0,0.4108929973542209
179.0,0.9395713090014749
242.0,0.9577716897504405
51.0,0.9713390105229733
209.0,0.005061583846218687
34.0,0.9512600596973219
241.0,0.945483840964547
53.0,0.9420503475357945
246.0,0.9361321634263889
141.0,0.9625842160508867
12.0,0.9740862060703995
0.0,9.962888243264338
