Node,fill_ratio
0.0,0.0
209.0,0.005061583846218687
141.0,0.9645271676008284
246.0,0.9303325471167162
242.0,0.9539285770025874
51.0,0.9722950727163763
241.0,0.9481263750624261
53.0,0.950423295853548
179.0,0.9485100198919617
34.0,0.9625817007039713
214.0,0.413555795805495
243.0,0.9359442648250287
12.0,0.9790227936047028
0.0,9.96430919402986
