Node,fill_ratio
0.0,0.0
248.0,0.9666548190436696
179.0,0.9416446024644611
53.0,0.9394989415641891
51.0,0.9720900158427815
34.0,0.954866638200823
241.0,0.9457914185713328
246.0,0.9364336601971598
141.0,0.9668767553779536
12.0,0.9718830957579437
252.0,0.43952999278488397
242.0,0.958848390176332
0.0,9.99411832998153
