Node,fill_ratio
0.0,0.0
51.0,0.9695846277645586
248.0,0.9688679828945096
12.0,0.9703827574198404
141.0,0.9657186317030564
242.0,0.954966853765053
34.0,0.9512815331149368
241.0,0.9434205660052674
53.0,0.9434442812721108
179.0,0.9375865510772379
246.0,0.9410986065620849
226.0,0.44205173726162844
0.0,9.988404128840283
