Node,fill_ratio
0.0,0.0
246.0,0.9283185625877254
53.0,0.9394989415641891
241.0,0.9404585843529143
34.0,0.9488855372533332
209.0,0.005061583846218687
51.0,0.9695846277645586
242.0,0.9539285770025874
248.0,0.9666548190436696
287.0,0.46559801813246016
12.0,0.9699098521619943
141.0,0.9624472949421112
179.0,0.9367299887367345
0.0,9.987076387388496
