Node,fill_ratio
0.0,0.0
179.0,0.9367299887367345
25.0,0.45606998421703593
242.0,0.9571633140388048
51.0,0.971126819556109
34.0,0.951233247421411
241.0,0.9423329530364035
53.0,0.9437363457509766
246.0,0.9342614458151471
209.0,0.04243051229312467
12.0,0.9740137145737571
54.0,0.9198623177204384
141.0,0.969037353752141
0.0,9.997997996912083
