Node,fill_ratio
0.0,0.0
246.0,0.9283185625877254
53.0,0.9394989415641891
241.0,0.9404585843529143
34.0,0.9488855372533332
51.0,0.9704282766257226
141.0,0.9655291530042243
12.0,0.9734712384462093
242.0,0.9595399739734547
179.0,0.9369513229796613
64.0,0.45244666914562026
248.0,0.9722074008255915
0.0,9.987735660758647
