Node,fill_ratio
0.0,0.0
209.0,0.005061583846218687
248.0,0.9666548190436696
246.0,0.9283185625877254
141.0,0.9624472949421112
179.0,0.9367299887367345
242.0,0.9539285770025874
53.0,0.9394989415641891
34.0,0.9488855372533332
241.0,0.9404585843529143
51.0,0.9695846277645586
287.0,0.46559801813246016
12.0,0.9699098521619943
0.0,9.987076387388496
