Node,fill_ratio
0.0,0.0
248.0,0.9666548190436696
291.0,0.03167042986476953
61.0,0.4323350933924068
51.0,0.9704381913270039
274.0,0.9182339882840534
243.0,0.9278166299576637
53.0,0.9476940699186258
241.0,0.9512308071955239
34.0,0.9565206468912409
141.0,0.9644547756088485
179.0,0.9528136983981895
12.0,0.9783495459588929
0.0,9.998212695840888
