Node,fill_ratio
0.0,0.0
248.0,0.9666548190436696
241.0,0.9404585843529143
34.0,0.949314672319032
51.0,0.9714647609652021
242.0,0.9582154345455717
25.0,0.45606998421703593
53.0,0.9441201262206756
243.0,0.9207042961978829
141.0,0.9671798176981461
179.0,0.9466818381150891
12.0,0.9736472275834956
0.0,9.994511561258713
