Node,fill_ratio
0.0,0.0
61.0,0.9911686261369765
18.0,0.9885918558264523
47.0,0.8884311228152916
50.0,0.9510849014406405
37.0,0.9499611839502253
38.0,0.7943691496391694
34.0,0.723768795881443
51.0,0.562823688545041
25.0,0.5445929072260216
30.0,0.5190221765189923
45.0,0.4900527533617503
5.0,0.4049041657119505
8.0,0.3440555888348931
36.0,0.31023145825503623
12.0,0.2667436732871969
15.0,0.18858048317910187
0.0,9.918382530610183
