Node,fill_ratio
0.0,0.0
100.0,0.18513292883861965
78.0,0.28157194375565947
101.0,0.5646169678241226
64.0,0.48093599645436325
112.0,0.883740235655103
71.0,0.8326785405044591
76.0,0.813899949789813
82.0,0.4486647760946347
94.0,0.9600951262728623
63.0,0.7564545276528392
77.0,0.7332557908411907
80.0,0.6518281901865642
124.0,0.38998241147335455
92.0,0.35824718213311996
91.0,0.9365168248634604
150.0,0.143192079009214
184.0,0.15201746632246815
128.0,0.40917899058083546
0.0,9.982009928252683
