Node,fill_ratio
0.0,0.0
30.0,0.046450412719997725
50.0,0.20309884867528355
37.0,0.3046137691733707
64.0,0.3567533266935893
38.0,0.1127845344454417
69.0,0.1893636095745694
45.0,0.3397836404031481
5.0,0.30551968531985385
15.0,0.25316909306136387
101.0,0.15353565095259447
8.0,0.886848870389863
91.0,0.28066056391554056
47.0,0.4343250988159274
42.0,0.6164461735590638
86.0,0.5081586284058264
25.0,0.575902841063721
18.0,0.6900686277926391
36.0,0.8545593180066774
12.0,0.9790102967336718
95.0,0.8433183461687294
34.0,0.9676434892256112
0.0,9.902014825096485
