Node,fill_ratio
0.0,0.0
101.0,0.9949078226464353
100.0,0.9340278872600664
95.0,0.8950376592043594
86.0,0.7992918082330016
64.0,0.9472262005314288
94.0,0.9742231193484149
53.0,0.6308614974770999
69.0,0.6611657917565533
71.0,0.6481777337972153
76.0,0.5660875865869064
78.0,0.3552819054647418
77.0,0.380551815512463
54.0,0.36096856875491895
63.0,0.36836502558801587
42.0,0.21457058562117803
141.0,0.21294128979435725
0.0,9.943686297577157
