Node,fill_ratio
0.0,0.0
119.0,0.8925589984899778
249.0,0.9636199770892528
116.0,0.8714605901877177
113.0,0.9296976523425731
262.0,0.9900538501042633
268.0,0.7076371152852516
2.0,0.9507143064099162
56.0,0.9243973571733939
273.0,0.8840365788140829
35.0,0.9691904078921029
199.0,0.8941939132638886
0.0,9.977560747052422
