Node,fill_ratio
0.0,0.0
114.0,0.28740959646557973
106.0,0.39513090761150327
105.0,0.6973853280917014
108.0,0.7413454101614477
102.0,0.39172102462524166
110.0,0.24069445011816595
97.0,0.7028438293050318
99.0,0.7739336851752358
96.0,0.19303543838943799
84.0,0.6505639439416759
89.0,0.341595779372369
79.0,0.7191030861627632
111.0,0.9048419844854263
70.0,0.9072180106815246
117.0,0.5196311331886457
67.0,0.716617228585692
127.0,0.3153062834707024
52.0,0.3461835014331559
0.0,9.8445606212653
