Node,fill_ratio
0.0,0.0
108.0,0.6458223862864843
99.0,0.8900970351838083
73.0,0.7310696775082519
62.0,0.918376581743561
67.0,0.6243421243921491
79.0,0.7158302607398035
110.0,0.6712748039689078
70.0,0.6514120972813418
84.0,0.5462942613845202
65.0,0.5426269400969426
96.0,0.5703827026135102
102.0,0.5324226198402934
66.0,0.5254013793228183
68.0,0.5261749500581961
41.0,0.5089916387995316
89.0,0.35828802797171166
0.0,9.958807487191834
