Node,fill_ratio
0.0,0.0
58.0,0.8575623376612838
14.0,0.8539884256451352
39.0,0.8209315668076134
57.0,0.8379672246465739
52.0,0.8354904332852032
20.0,0.7437802933714301
7.0,0.7581258114329102
28.0,0.7295956059934523
4.0,0.6244740132701483
13.0,0.7342725504653775
24.0,0.549597459618949
6.0,0.5012957898008681
33.0,0.4437689589108813
31.0,0.47046955675622326
0.0,9.761320027666049
