Node,fill_ratio
0.0,0.0
32.0,0.0
1.0,0.0
35.0,0.0
49.0,0.0
40.0,0.0
10.0,0.6386722381179037
48.0,0.0
17.0,0.24707871404017262
72.0,0.0
9.0,0.7380182183672532
81.0,0.0
11.0,0.0
43.0,0.5299865785640652
16.0,0.26296263746446824
228.0,0.4517792308380925
249.0,0.4879071240860982
250.0,0.3196972489773884
211.0,0.6567305748086455
224.0,0.8320669257971235
218.0,0.8760199346517624
199.0,0.8932945476139578
221.0,0.9914074938886955
156.0,0.9514331664261226
231.0,0.8972019447489348
0.0,9.774256578390684
