Node,fill_ratio
0.0,0.0
268.0,0.32518332202674705
119.0,0.2587799816000169
250.0,0.8631034258755935
145.0,0.8948273504276488
104.0,0.4401524937396013
90.0,0.8184130477500787
123.0,0.6635829493329993
132.0,0.5490437582206661
26.0,0.8324426408004217
152.0,0.9236094692831535
87.0,0.9506112390634752
75.0,0.046450412719997725
9.0,0.6077486999711273
109.0,0.4977859227283806
283.0,0.7417437385894567
131.0,0.5745696137979837
0.0,9.988048065927348
