Node,fill_ratio
0.0,0.0
203.0,0.28093450968738076
129.0,0.3273005294275393
56.0,0.4848792689614998
131.0,0.5200680211778108
9.0,0.6141797792069208
59.0,0.8063501025136985
138.0,0.7832657884152202
231.0,0.72011616387297
175.0,0.45684555723208947
72.0,0.5533918299978464
295.0,0.792148023052958
224.0,0.28642935407186354
137.0,0.9748354110697287
103.0,0.7332492281550949
269.0,0.771839313911556
90.0,0.8090915097681627
0.0,9.914924390522339
