Node,fill_ratio
0.0,0.0
268.0,0.32518332202674705
119.0,0.2587799816000169
81.0,0.618723563741976
206.0,0.5663995011823645
2.0,0.9577763172227841
55.0,0.3774103655603101
232.0,0.7290071680409873
230.0,0.8476662960349431
255.0,0.34074788901574043
239.0,0.7712703466859457
162.0,0.056509344192912835
27.0,0.3116037792862431
273.0,0.9029789201941086
23.0,0.9745342730674442
88.0,0.9705688174673343
35.0,0.3967812776313824
1.0,0.4734344839327834
0.0,9.879375646884023
