Node,fill_ratio
0.0,0.0
249.0,0.11586905952512971
43.0,0.43194501864211576
262.0,0.33762907075751075
206.0,0.5593250073030145
74.0,0.6091411789237557
46.0,0.6470798246925225
149.0,0.6095508853466997
81.0,0.6075448519014384
55.0,0.36741291142825233
230.0,0.831543237701949
232.0,0.7319894963100168
83.0,0.2421566373654256
239.0,0.8062056441271862
2.0,0.9578447652357751
255.0,0.37130853987164397
113.0,0.07187065476550601
116.0,0.9130340759290658
221.0,0.7794043911959588
0.0,9.990855251022966
