Node,fill_ratio
0.0,0.0
139.0,0.9394989415641891
88.0,0.9673873677147837
273.0,0.8930640397166822
217.0,0.8142543473226274
276.0,0.4722149251619493
251.0,0.6244470769559847
21.0,0.7368367229024887
285.0,0.7642511505951938
17.0,0.8728876301261066
23.0,0.973162425060079
162.0,0.09778773447477154
137.0,0.9712136963519787
231.0,0.72630292186956
228.0,0.13945740617902103
0.0,9.992766385995417
