Node,fill_ratio
0.0,0.0
297.0,0.3243337531153756
39.0,0.32110430365748277
7.0,0.39668719463574387
79.0,0.5935440434267962
257.0,0.19341831532011844
57.0,0.3291009244610971
237.0,0.5835095739914286
111.0,0.8851579581473732
160.0,0.6818354935706157
65.0,0.25492414344772674
187.0,0.5800349379719689
296.0,0.6139973163658169
41.0,0.6356323122729817
151.0,0.8049346352688158
155.0,0.8529053093873341
171.0,0.3228842980519314
89.0,0.970909514695143
58.0,0.5320220951801786
0.0,9.876936122967926
