Node,fill_ratio
0.0,0.0
96.0,0.4835456467199247
288.0,0.23371208191043302
140.0,0.4158693753824498
99.0,0.5814835975850549
165.0,0.6568835100574566
31.0,0.8153089209345379
275.0,0.5653798692229806
170.0,0.6206091135963852
157.0,0.4491165482201511
213.0,0.48358968711848305
278.0,0.18739518704068975
127.0,0.5074068298835651
126.0,0.6114520315572315
67.0,0.30735540148511825
192.0,0.44135676572417104
172.0,0.7485006298747969
135.0,0.9152652559011544
174.0,0.8870467661008214
0.0,9.911277218315405
