Node,fill_ratio
0.0,0.0
254.0,0.8670314961224486
114.0,0.7140869321324278
170.0,0.8717835665922017
187.0,0.7233672289758193
135.0,0.9050175581149511
192.0,0.9967849528624407
296.0,0.7484105435492511
234.0,0.5166975564184749
79.0,0.8201822666372485
172.0,0.9794882479469201
28.0,0.5250109394152994
264.0,0.5465347407859941
41.0,0.1006952255207734
57.0,0.5798818425954467
0.0,9.894973097669695
