Node,fill_ratio
0.0,0.0
140.0,0.5475923761537362
193.0,0.9762878037434879
180.0,0.8035097772392094
52.0,0.39420879064150505
194.0,0.6579015796636444
97.0,0.6704823993260055
99.0,0.7150185025072049
258.0,0.7473126538637678
20.0,0.9869045849711618
165.0,0.3292731431064077
265.0,0.8853194062431378
147.0,0.825296820263809
153.0,0.6854537234698231
233.0,0.7549184641167379
0.0,9.979480025309638
