Node,fill_ratio
0.0,0.0
24.0,0.14249554290151323
294.0,0.640723843277724
288.0,0.912363345616691
108.0,0.5426712348529484
33.0,0.7234940685485807
227.0,0.8734241245087982
182.0,0.6883291520428986
245.0,0.9886382378624994
189.0,0.2836959913921484
66.0,0.16662250514809923
70.0,0.5982042027503378
267.0,0.9149435151646512
105.0,0.9475278761291863
117.0,0.8193315127825268
229.0,0.7507488981848485
0.0,9.993214051163454
