Node,fill_ratio
0.0,0.0
182.0,0.023638586046336396
189.0,0.24689513465248958
245.0,0.3111365283533987
110.0,0.834413759462472
193.0,0.6340396375944197
225.0,0.7302268653223668
130.0,0.855754804362912
201.0,0.6951445540475938
256.0,0.8989562101483364
183.0,0.6752894612826298
236.0,0.7501671073084634
258.0,0.36648642610256776
20.0,0.33266735121292845
265.0,0.3662264222799004
102.0,0.043412532854819164
186.0,0.6485768955768878
97.0,0.8290111218291978
52.0,0.757602752569459
0.0,9.999646151007179
