Node,fill_ratio
0.0,0.0
47.0,0.31171107608941095
52.0,0.7751328233611146
8.0,0.8788241386555024
58.0,0.2522088197332045
50.0,0.22249840511099828
14.0,0.2705109423415167
78.0,0.1491201730327251
32.0,0.28228011677161835
39.0,0.7250351678016806
46.0,0.662522284353982
41.0,0.2809342565861269
18.0,0.5810460458661612
15.0,0.26416470741546594
11.0,0.06572269283754047
27.0,0.2967824052187876
12.0,0.9707990232149655
1.0,0.41520896238814836
4.0,0.6573812567679653
7.0,0.28461798243628467
29.0,0.6718862423603493
35.0,0.9717894436510208
0.0,9.99017696599457
