Node,fill_ratio
0.0,0.0
119.0,0.8925589984899778
199.0,0.8973982071071817
239.0,0.6807953312590793
273.0,0.8759481283208486
116.0,0.8753508574386725
113.0,0.9399282368562587
56.0,0.9414832606215099
2.0,0.9515545580302885
249.0,0.9672672903351424
262.0,0.9920052972783625
35.0,0.9745429011871947
0.0,9.988833066924517
