Node,fill_ratio
0.0,0.0
119.0,0.8925589984899778
116.0,0.8714605901877177
249.0,0.9636199770892528
46.0,0.677456929220869
113.0,0.9296976523425731
262.0,0.9902610140702749
2.0,0.9527153340236947
56.0,0.9272984243710543
199.0,0.8929007810247576
44.0,0.9151326414498675
35.0,0.9694300946228862
0.0,9.982532436892924
