Node,fill_ratio
0.0,0.0
10.0,0.7080725777960455
35.0,0.9656320330745594
44.0,0.9176557435449727
220.0,0.8557625057106274
119.0,0.8962349054105028
199.0,0.8870864242651173
273.0,0.8904790647792719
113.0,0.9390082875087967
249.0,0.9717456712519373
262.0,0.9917600614504336
2.0,0.961233468414467
0.0,9.984670743206731
