Node,fill_ratio
0.0,0.0
10.0,0.7080725777960455
119.0,0.9013861114920855
262.0,0.9909520844218211
271.0,0.8147358278767515
199.0,0.8932588161957471
249.0,0.969461219085808
116.0,0.8906971574238697
113.0,0.9395719849209375
2.0,0.9588293151328574
56.0,0.9387381038685961
35.0,0.9706166113240282
0.0,9.976319809538548
