Node,fill_ratio
0.0,0.0
119.0,0.8925589984899778
46.0,0.6792138327071786
116.0,0.8783613459720949
249.0,0.9645367471969407
113.0,0.9334481434529263
262.0,0.9900538501042633
2.0,0.9541276994912612
56.0,0.9315639840015477
199.0,0.8884046665812346
44.0,0.9141630200808629
35.0,0.9676564109912188
0.0,9.994088699069508
