Node,fill_ratio
0.0,0.0
10.0,0.7080725777960455
250.0,0.8607128248960174
249.0,0.9664213496985863
119.0,0.9007063110210418
220.0,0.8589050953894122
199.0,0.8958421281479413
56.0,0.9316252975481762
113.0,0.9398835576808747
2.0,0.957050817325984
35.0,0.9751548514924133
262.0,0.9928109059354929
0.0,9.987185716931986
