Node,fill_ratio
0.0,0.0
206.0,0.009197051616629648
46.0,0.6842025034035851
249.0,0.9647948934777305
199.0,0.8888528108516556
2.0,0.9520491219449176
220.0,0.8641503338771047
35.0,0.9662382392863917
81.0,0.8761752044429066
113.0,0.9381346711799714
44.0,0.9230211474441083
56.0,0.9318374734386909
262.0,0.9920549694143579
0.0,9.990708420378052
