Node,fill_ratio
0.0,0.0
10.0,0.7080725777960455
220.0,0.8597239416076882
199.0,0.8877382987184177
116.0,0.8799170247249405
44.0,0.9178528557280375
119.0,0.9066733902993461
113.0,0.9381514133980399
2.0,0.9517462215908548
249.0,0.9680086333391599
35.0,0.9724682943130375
262.0,0.9906785865202083
0.0,9.981031238035776
