Node,fill_ratio
0.0,0.0
262.0,0.9900538501042633
35.0,0.9656320330745594
249.0,0.9695712227689466
2.0,0.9549765871072817
113.0,0.936809153799554
56.0,0.9340160214477822
44.0,0.922150103598036
199.0,0.908983389706078
119.0,0.9039689052380696
273.0,0.8892275767548
232.0,0.6076334072655403
0.0,9.983022250864911
