Node,fill_ratio
0.0,0.0
10.0,0.7080725777960455
74.0,0.8332285531590431
81.0,0.8729302695914113
44.0,0.9175185786606275
199.0,0.898977624424936
56.0,0.9356460321122058
113.0,0.9388183094013806
2.0,0.9596696700138978
35.0,0.9730088905198983
119.0,0.9159878143923375
262.0,0.9916012841951539
0.0,9.945459604266937
