Node,fill_ratio
0.0,0.0
10.0,0.7080725777960455
206.0,0.009197051616629648
74.0,0.8267992962234615
44.0,0.9107931765263256
273.0,0.8867962990239894
119.0,0.9047542025505527
199.0,0.8955392196725466
113.0,0.9452272866999478
2.0,0.9576361899497812
35.0,0.9717652851859475
249.0,0.9760693073239399
262.0,0.9918271706942977
0.0,9.984477063263466
