Node,fill_ratio
0.0,0.0
10.0,0.7080725777960455
220.0,0.8508590538982946
199.0,0.8883459741562602
116.0,0.8825822082414879
44.0,0.9180804349287673
119.0,0.9045571797295963
113.0,0.9376972708889937
2.0,0.9587933642273997
249.0,0.9690307162540084
35.0,0.9726726802647061
262.0,0.9909027853103505
0.0,9.98159424569591
