Node,fill_ratio
0.0,0.0
13.0,0.6768212988573956
39.0,0.2243457426282506
4.0,0.9574480190380962
126.0,0.07469369648294295
57.0,0.6656796965648064
58.0,0.8036870945464886
41.0,0.7607770574929817
28.0,0.7626753345440263
6.0,0.20900627992248663
52.0,0.8215355688967872
20.0,0.3968334372093577
31.0,0.8451969591328643
7.0,0.9981389263382406
33.0,0.7408756661375077
14.0,0.8693000078945535
24.0,0.17754861336225425
0.0,9.984563399049039
