Node,fill_ratio
0.0,0.0
140.0,0.8221031606002255
183.0,0.35658127352712926
189.0,0.28150633297024563
165.0,0.5903190103586142
169.0,0.6454440096608568
157.0,0.556872256634674
130.0,0.21484589710892252
170.0,0.8129330418292369
174.0,0.5770350707987942
163.0,0.7931113631639384
135.0,0.7049920327850078
171.0,0.45050799638058
155.0,0.368989114021807
151.0,0.7918032504499423
153.0,0.9683135723705447
264.0,0.24578810697660194
108.0,0.8061330879887247
0.0,9.987278577625847
