Node,fill_ratio
0.0,0.0
155.0,0.9856504541106007
70.0,0.9875913301375624
227.0,0.9734309197422003
140.0,0.9717820827209607
135.0,0.9452623585314872
257.0,0.9393341151109081
183.0,0.9369274780976719
105.0,0.9218559763061909
192.0,0.9164016150186235
151.0,0.9132662196467731
24.0,0.4978262348825465
0.0,9.989328784305526
