Node,fill_ratio
0.0,0.0
140.0,0.9717820827209607
96.0,0.5386602772560568
105.0,0.9080793942273911
227.0,0.9752158216961945
70.0,0.987619594147984
183.0,0.9291868707414107
265.0,0.8773730719279554
73.0,0.014211583547127798
257.0,0.9422932315723126
135.0,0.9461719084741846
281.0,0.9109671924819148
155.0,0.9880553942413549
0.0,9.989616423034848
