Node,fill_ratio
0.0,0.0
140.0,0.9717820827209607
105.0,0.907566473926093
227.0,0.9730105547524456
70.0,0.9868869366005173
193.0,0.9004180571633305
183.0,0.9246936182785628
256.0,0.5568012624583502
73.0,0.005522117123602399
257.0,0.936154774160781
135.0,0.9429097039125192
151.0,0.9082658859666537
155.0,0.9856504541106007
0.0,9.999661921174416
