Node,fill_ratio
0.0,0.0
140.0,0.9717820827209607
105.0,0.9141858942189183
227.0,0.9735570034166255
70.0,0.9868945471193966
183.0,0.9301340029908078
193.0,0.9082516957521541
135.0,0.9469544272368314
234.0,0.5088999583957166
257.0,0.9426364757340904
151.0,0.9144545932039929
155.0,0.9888636355829693
0.0,9.986614316372465
