Node,fill_ratio
0.0,0.0
140.0,0.9717820827209607
105.0,0.9115258806587616
227.0,0.9732715280051578
70.0,0.9878175331325344
193.0,0.9082203173476459
183.0,0.9305259891251925
97.0,0.530868445441895
135.0,0.9461798910833927
151.0,0.9125564795987782
155.0,0.9856504541106007
192.0,0.9122111542893357
0.0,9.970609755514257
