Node,fill_ratio
0.0,0.0
140.0,0.9717820827209607
105.0,0.9122072338892158
227.0,0.9742349845019641
70.0,0.9868869366005173
193.0,0.9025967177028156
183.0,0.9259668368487299
130.0,0.5294071848462426
135.0,0.9503037309964276
151.0,0.9145853858595572
155.0,0.986959230358563
257.0,0.9377954921576312
0.0,9.992725816482624
