Node,fill_ratio
0.0,0.0
140.0,0.9717820827209607
105.0,0.9147715595658813
227.0,0.9749016305412157
189.0,0.5296505783560065
193.0,0.9004180571633305
70.0,0.9868869366005173
183.0,0.9289991650984255
229.0,0.9019790458335102
135.0,0.9435703145658844
155.0,0.9872020024764163
257.0,0.9449031544895028
0.0,9.985064527411652
