Node,fill_ratio
0.0,0.0
140.0,0.9717820827209607
105.0,0.9120922454740275
227.0,0.9738964376958597
70.0,0.9868869366005173
193.0,0.9027067163504022
66.0,0.5426960831582485
183.0,0.9246936182785628
192.0,0.9066215978422195
135.0,0.9507633780975837
155.0,0.9871132838241329
257.0,0.9374088170804321
0.0,9.996661197122947
