Node,fill_ratio
0.0,0.0
227.0,0.9730105547524456
97.0,0.5387167748951412
140.0,0.9725865619096463
105.0,0.907566473926093
135.0,0.948029364273813
265.0,0.8868091273850028
281.0,0.910184293586146
183.0,0.9386319210342908
155.0,0.987575756749859
151.0,0.9345291930413648
70.0,0.989556485239526
0.0,9.987196506793328
