Node,fill_ratio
0.0,0.0
140.0,0.9717820827209607
105.0,0.907566473926093
227.0,0.9730105547524456
70.0,0.9875047881648396
183.0,0.9284831800491307
193.0,0.907031550303898
245.0,0.015456616528867428
247.0,0.49949528741053206
73.0,0.007969793983683297
257.0,0.9462382630845921
192.0,0.9075024399110252
135.0,0.948681017050526
155.0,0.9891621054088455
0.0,9.989884153295439
