Node,fill_ratio
0.0,0.0
140.0,0.9717820827209607
105.0,0.908785228358353
227.0,0.974206959037475
70.0,0.9875239483895175
193.0,0.9073135127235569
183.0,0.9247035577343184
192.0,0.9133585002984903
135.0,0.9454020468438932
234.0,0.4985224311633017
257.0,0.9418702349885438
155.0,0.9863695617608884
0.0,9.959838064019298
