Node,fill_ratio
0.0,0.0
155.0,0.9856504541106007
70.0,0.9881412125836709
227.0,0.9751348116774243
140.0,0.9742879134217353
135.0,0.9492440782835931
257.0,0.936154774160781
183.0,0.9410795716725375
193.0,0.9210145895625695
105.0,0.9131155567624366
151.0,0.9213940170816552
237.0,0.4716448894693183
0.0,9.976861868786324
