Node,fill_ratio
0.0,0.0
227.0,0.9730105547524456
155.0,0.9856504541106007
73.0,0.005522117123602399
256.0,0.5568012624583502
135.0,0.9429097039125192
105.0,0.907566473926093
183.0,0.9246936182785628
257.0,0.936154774160781
151.0,0.9082658859666537
140.0,0.9717820827209607
193.0,0.9004180571633305
70.0,0.9868869366005173
0.0,9.999661921174418
