Node,fill_ratio
0.0,0.0
140.0,0.9717820827209607
105.0,0.907566473926093
227.0,0.9752220651215069
70.0,0.9878739924685996
183.0,0.9246936182785628
264.0,0.5373463484830665
192.0,0.9058758905349379
193.0,0.906700595469623
135.0,0.9517165863732513
151.0,0.9259105369386279
155.0,0.9877359993404597
0.0,9.98242418965569
