Node,fill_ratio
0.0,0.0
140.0,0.9717820827209607
105.0,0.9150762907536417
227.0,0.9730105547524456
70.0,0.9871671905031939
193.0,0.9063033495775477
183.0,0.9279514848058884
234.0,0.5266032275914186
257.0,0.9401214913805381
135.0,0.9477797383100084
155.0,0.9876212568458692
151.0,0.9142457251447579
0.0,9.99766239238627
