Node,fill_ratio
0.0,0.0
90.0,0.9656320330745594
119.0,0.9093204020787821
88.0,0.9535280895325643
60.0,0.8080991929023763
93.0,0.8121494597687781
48.0,0.6346816993000909
75.0,0.622141054500367
83.0,0.6548248457901729
74.0,0.532925062448806
59.0,0.482627537569263
40.0,0.44535552730352823
56.0,0.4745814192950524
46.0,0.5027360117316009
55.0,0.45578899894128366
81.0,0.37432105804366095
49.0,0.3516740515885646
0.0,9.980386443869449
