Node,fill_ratio
0.0,0.0
26.0,0.9699098521619943
3.0,0.9528214719727174
19.0,0.8692380110095065
27.0,0.8470446043142578
9.0,0.7348854974174869
22.0,0.735213001703789
10.0,0.6242002761099759
21.0,0.6364936672649425
43.0,0.543767878364833
44.0,0.49277816620346604
2.0,0.4283219985313425
32.0,0.33802208442690507
35.0,0.34536754281724114
16.0,0.3141598750606508
29.0,0.3058694397760483
11.0,0.2947376826078793
17.0,0.27674985417368964
23.0,0.14678904881628
1.0,0.0
0.0,9.856369952733006
