Node,fill_ratio
0.0,0.0
138.0,0.9695846277645586
145.0,0.9415624290877271
156.0,0.9271354395651588
149.0,0.9085575717900899
139.0,0.7936669960973152
104.0,0.7196087173714961
129.0,0.7172186942964575
132.0,0.5991072812840993
113.0,0.5724064153112417
107.0,0.529076851597359
98.0,0.4849221110592236
85.0,0.4815847329309174
72.0,0.42082160188859535
103.0,0.2881197584830421
87.0,0.3190999162078384
116.0,0.2916556713589564
0.0,9.964128816094076
