Node,fill_ratio
0.0,0.0
87.0,0.9488855372533332
85.0,0.14996976730831318
88.0,0.966130007291729
74.0,0.6176029797857105
81.0,0.6807391070512533
75.0,0.15495259463665967
55.0,0.492535090828929
98.0,0.13620245179740725
72.0,0.6031898950901785
59.0,0.8178804643282729
83.0,0.3015314538572861
56.0,0.5533907066709237
49.0,0.4541805391760043
90.0,0.8718429371911474
119.0,0.3805127315599697
46.0,0.6993919838875204
43.0,0.5208739479265219
93.0,0.567635060800763
0.0,9.917447256441921
