Node,fill_ratio
0.0,0.0
298.0,0.9426097101586556
158.0,0.6948287007445232
25.0,0.8126040797880438
219.0,0.8568944141857865
289.0,0.6965071834768891
47.0,0.9823801929062462
280.0,0.6887561301422526
143.0,0.21354645596759575
214.0,0.6765204046527075
166.0,0.10727307819725064
121.0,0.4884900246397595
134.0,0.8430300989294734
299.0,0.8249369887047475
92.0,0.9871136007435907
235.0,0.17927751001436382
0.0,9.994768573251887
