Node,fill_ratio
0.0,0.0
8.0,0.9615437228811096
184.0,0.8392466631269783
63.0,0.6791716995379928
69.0,0.9931305192370338
185.0,0.34950536705359897
161.0,0.5483898512061158
53.0,0.8618438232948299
196.0,0.5045674568244493
241.0,0.8028683811167286
176.0,0.8234768886075714
279.0,0.6893111766169837
30.0,0.40861064380321666
144.0,0.751447458707599
77.0,0.5968515066000022
207.0,0.1374807954949781
0.0,9.947445954109188
