Node,fill_ratio
0.0,0.0
125.0,0.9812446006823907
168.0,0.4988311266913966
181.0,0.9844500468025422
78.0,0.9079264076532454
54.0,0.003604239888287175
115.0,0.8013471439617122
8.0,0.08115924912471495
197.0,0.9402652800300991
51.0,0.9492801153701047
5.0,0.8709909732041277
287.0,0.7301419012588976
37.0,0.30086638677078975
141.0,0.8792760447254044
12.0,0.8599176652094197
144.0,0.17564082598849898
0.0,9.96494200736163
