Node,fill_ratio
0.0,0.0
277.0,0.7379277689988003
158.0,0.6642363467686201
291.0,0.7620182333491139
38.0,0.7448356469071812
80.0,0.17976596838562103
266.0,0.4108369756970163
238.0,0.9689400358609883
94.0,0.8090080729010064
36.0,0.5503558303989665
197.0,0.7303752997814462
51.0,0.448732013523041
242.0,0.7615861274822322
92.0,0.44339163991070424
146.0,0.18180810622965057
204.0,0.6526156455692828
25.0,0.7569749928588276
214.0,0.1180762253314214
0.0,9.92148492995392
