Node,fill_ratio
0.0,0.0
185.0,0.8836839676879897
226.0,0.9260595598182655
8.0,0.3874107414508348
191.0,0.683870124909032
164.0,0.6972732055603029
63.0,0.9595638121686384
243.0,0.6247054087197877
198.0,0.39037789150105756
173.0,0.24269084123893886
64.0,0.9536326078296895
142.0,0.6096966133312225
246.0,0.8931308452138125
69.0,0.478840441762966
235.0,0.2754927304899569
53.0,0.54121430546885
136.0,0.4179257744099454
0.0,9.965568871561288
