Node,fill_ratio
0.0,0.0
101.0,0.7946621542939618
15.0,0.28229632768856744
150.0,0.5422582100238118
259.0,0.9509869913650191
215.0,0.9709999337744146
50.0,0.7893829606886293
142.0,0.9287818041000951
246.0,0.805514430968975
181.0,0.6481179230208346
64.0,0.8591818901106761
243.0,0.8357758534154178
164.0,0.870290592289947
270.0,0.6958482634814691
0.0,9.97409733522182
