Node,fill_ratio
0.0,0.0
184.0,0.7587762537573252
198.0,0.423416252713252
82.0,0.6752789953808158
222.0,0.9454470705369851
204.0,0.534776555753503
124.0,0.4234942975016449
121.0,0.9585483321518659
214.0,0.8686557351416186
242.0,0.7306049746680623
92.0,0.4867409158311941
238.0,0.8577489926861541
120.0,0.9257535487264448
91.0,0.46977526879412324
154.0,0.14038150509906966
298.0,0.788496280382282
0.0,9.98789497912434
