Node,fill_ratio
0.0,0.0
298.0,0.7192090877570364
47.0,0.785784995513946
166.0,0.20807633925988606
158.0,0.43273289570652834
92.0,0.5888858002935897
242.0,0.5178644829610065
197.0,0.9408403711517259
154.0,0.7326831855187284
77.0,0.6340254367305926
238.0,0.7895815830636358
144.0,0.8692616601023267
94.0,0.715140338462439
176.0,0.7401344249919951
241.0,0.7793999451804255
76.0,0.5254752181142113
0.0,9.979095764808074
