Node,fill_ratio
0.0,0.0
142.0,0.8412141455110531
246.0,0.4672748943452372
63.0,0.6745013091359856
181.0,0.6374244382755269
173.0,0.9642633316968836
191.0,0.6181848912902481
53.0,0.8424710555645848
30.0,0.9462074229861397
207.0,0.7656132840221652
71.0,0.9614708845247492
235.0,0.7331649111960058
146.0,0.5437255803918729
51.0,0.9899729188853894
0.0,9.98548906782584
