Node,fill_ratio
0.0,0.0
148.0,0.9671640551360522
158.0,0.8664487806342642
125.0,0.9860985134801991
100.0,0.543074668288343
300.0,0.5637156839636154
202.0,0.9433144166104162
86.0,0.7539664390166616
168.0,0.7351314060646061
260.0,0.8821552180060991
289.0,0.6426731590459683
120.0,0.850031723993181
91.0,0.7598065666255999
118.0,0.424885761914545
0.0,9.918466392779552
