Node,fill_ratio
0.0,0.0
61.0,0.5485309093574215
260.0,0.30576299823671294
248.0,0.13240100049485734
291.0,0.6508634907477532
54.0,0.7396282379560608
5.0,0.27485746875653005
219.0,0.9325994691587977
115.0,0.42323280282243797
289.0,0.905480047526903
284.0,0.7097193303859454
259.0,0.58913023893134
37.0,0.5823271055398855
45.0,0.5426834775021441
263.0,0.9416608913632929
150.0,0.654401873036274
205.0,0.9905166485951341
0.0,9.92379599041149
