Node,fill_ratio
0.0,0.0
78.0,0.762038463389075
12.0,0.3940713898660104
38.0,0.6816824363748276
150.0,0.9526497297930878
37.0,0.8398580033995856
259.0,0.1521132647777156
287.0,0.8223087327863594
45.0,0.6922779744999443
112.0,0.6032823194505884
141.0,0.8890928703774065
82.0,0.07415301087877697
279.0,0.828648447571892
161.0,0.9281869575473519
176.0,0.6646793020327738
241.0,0.4493316237808292
198.0,0.22541442394315442
0.0,9.95978895046938
