Node,fill_ratio
0.0,0.0
100.0,0.6511683891270839
86.0,0.15190925440809294
274.0,0.41684065926036773
280.0,0.7384266147606505
166.0,0.8654283388910766
124.0,0.9719459649428015
222.0,0.821671264368016
80.0,0.3075540625929622
286.0,0.9482485952543991
209.0,0.8232333620832742
291.0,0.4443923783480761
92.0,0.6321563599888026
204.0,0.48392236486817725
120.0,0.7828546946518352
298.0,0.9224637569600871
0.0,9.962216060505703
