Node,fill_ratio
0.0,0.0
166.0,0.8945580028773829
242.0,0.7127803283301375
124.0,0.6471094708094225
238.0,0.910044428827195
277.0,0.5874943541191224
144.0,0.5824728755382007
216.0,0.7232456118938502
77.0,0.8469519739084516
286.0,0.5435457368093709
204.0,0.6282180487678493
158.0,0.8017425235396015
51.0,0.5796626539629814
25.0,0.47490139800503894
121.0,0.5966923195294399
92.0,0.3969865321035896
0.0,9.926406259021636
