Node,fill_ratio
0.0,0.0
25.0,0.7385594981157951
204.0,0.40104936305838645
209.0,0.8164825550159632
158.0,0.43631242668972575
42.0,0.9562261970761539
92.0,0.9677594640760019
222.0,0.7585957701666437
121.0,0.9720658936516139
280.0,0.4267209264090724
166.0,0.7193867860649668
253.0,0.18132052070805516
214.0,0.9910856599703496
134.0,0.6643572189479312
298.0,0.7621914027167399
289.0,0.1202355709165111
0.0,9.91234925358391
