Node,fill_ratio
0.0,0.0
63.0,0.9260813467869188
69.0,0.4125569094082791
185.0,0.7243025972970333
184.0,0.45654307339336275
8.0,0.8705715825558635
18.0,0.8447368352434378
64.0,0.46853028455309376
243.0,0.6057206460783919
173.0,0.8138219035419282
181.0,0.8126453423180888
196.0,0.763265190683207
77.0,0.2487196999269555
212.0,0.4179940939066208
53.0,0.761231270555279
246.0,0.8551089776395953
0.0,9.981829753888054
