Node,fill_ratio
0.0,0.0
95.0,0.6334364440206182
125.0,0.9328873933835345
128.0,0.8790825598789367
118.0,0.6300980973776056
205.0,0.647215090260223
15.0,0.6065182505151965
101.0,0.42390579781382953
198.0,0.9007966835548703
270.0,0.7370930570595482
164.0,0.7406200152102118
173.0,0.979240921685195
181.0,0.8283896692715271
246.0,0.8528366594681434
0.0,9.792120639499439
