Node,fill_ratio
0.0,0.0
100.0,0.6891572317245083
252.0,0.974829414795799
202.0,0.9535722238351587
86.0,0.9753483357694539
274.0,0.871392148498637
280.0,0.9536901835725692
253.0,0.4386638262768754
143.0,0.6373203655772657
47.0,0.9188949692106191
121.0,0.6896450022901974
166.0,0.30339298359340083
222.0,0.5939327489389044
266.0,0.9201896937971957
82.0,0.07548541821087193
0.0,9.995514546091458
