Node,fill_ratio
0.0,0.0
252.0,0.5345592191563087
100.0,0.629577575290381
274.0,0.9520624466390027
179.0,0.8052390710126194
120.0,0.89505079047046
298.0,0.9251997839314775
91.0,0.9821741725710109
122.0,0.8226214198958249
168.0,0.8371867299258673
300.0,0.3751539519678816
260.0,0.9192130265958262
118.0,0.9304748575828402
125.0,0.37992077839474064
0.0,9.98843382343424
