Node,fill_ratio
0.0,0.0
212.0,0.7366567352187905
34.0,0.8428017562940191
246.0,0.6785618587174849
176.0,0.5336508069691157
191.0,0.6212002390926188
53.0,0.557100780247065
30.0,0.46443609250513807
241.0,0.16793022206774652
94.0,0.3239049469044069
146.0,0.7814208379765214
184.0,0.9080885612336111
76.0,0.7572041972297568
279.0,0.6436613683044734
71.0,0.13762922455101825
82.0,0.6658078980843223
196.0,0.7059042987130817
36.0,0.37664131045691385
0.0,9.902601134566085
