Node,fill_ratio
0.0,0.0
95.0,0.18912933682570665
118.0,0.38441820672976834
205.0,0.7108665415342841
15.0,0.513418875376317
101.0,0.1570804171220342
173.0,0.6344711280555047
270.0,0.4158195482078561
164.0,0.46197072725138194
198.0,0.6302698963702529
181.0,0.6647448151112011
243.0,0.4570378160843408
235.0,0.8298662039198738
142.0,0.5740513354322349
50.0,0.9792082861330857
226.0,0.8688776832319833
141.0,0.5199619284681167
112.0,0.6953592501242618
0.0,9.686551995978206
