Node,fill_ratio
0.0,0.0
300.0,0.7063792099030417
259.0,0.022807660687623077
243.0,0.9203335616722674
69.0,0.9858218047583249
216.0,0.8570600880570796
188.0,0.989923430876685
277.0,0.8497558256407493
214.0,0.6144716838535434
42.0,0.8462468004612907
34.0,0.717271689187336
146.0,0.9474825714263099
207.0,0.5330740530423953
196.0,0.7808331795934019
136.0,0.22213853806094763
0.0,9.993600097220996
