Node,fill_ratio
0.0,0.0
91.0,0.8636230009199534
168.0,0.8583728355956266
45.0,0.8931140828059051
291.0,0.6933010899848272
259.0,0.8737105170259348
287.0,0.6551718510347934
78.0,0.8456370173559703
141.0,0.933717681525201
112.0,0.9141022647931313
205.0,0.6998688428514046
284.0,0.12799229551866015
248.0,0.6451063323468545
289.0,0.8890658803173334
120.0,0.09320089951489709
0.0,9.985984591590494
