Node,fill_ratio
0.0,0.0
8.0,0.9773079079915037
243.0,0.7711228158518866
235.0,0.8178624713348837
185.0,0.3073593113470082
246.0,0.6679243617213465
63.0,0.29714674479836395
18.0,0.47690010646797
64.0,0.3568550347477278
223.0,0.522195444156191
69.0,0.8595757752728308
142.0,0.2689377416385791
196.0,0.9477820344808524
53.0,0.9325505907306413
191.0,0.8942398757817146
212.0,0.4248513967069426
136.0,0.4689064732967238
0.0,9.991518086325167
