Node,fill_ratio
0.0,0.0
118.0,0.7928400452735271
272.0,0.8293900631067829
300.0,0.6278708016982708
91.0,0.849404777982355
120.0,0.90945903216955
289.0,0.9228591201620653
134.0,0.8744469764245211
121.0,0.9774283218244448
47.0,0.24957607699580847
166.0,0.7459274453567495
25.0,0.9365419570250564
92.0,0.5835423521156253
298.0,0.270231922911889
299.0,0.4065080968865998
0.0,9.976026989933246
