Node,fill_ratio
0.0,0.0
143.0,0.9996732052420922
42.0,0.2774627493325344
214.0,0.47803908706264076
166.0,0.5806446685799898
222.0,0.883740262449146
242.0,0.8700551931092828
286.0,0.9486561577065649
154.0,0.8749333243506489
144.0,0.29991981321983113
238.0,0.037782968064595135
77.0,0.32505658633223544
207.0,0.7662139566411224
216.0,0.7215929873305985
209.0,0.46464618269598296
266.0,0.7219599575575845
38.0,0.6658366174355487
136.0,0.0831102815819471
0.0,9.999323998692345
