Node,fill_ratio
0.0,0.0
263.0,0.9752445352839586
37.0,0.9438832055549452
198.0,0.9616114422544468
291.0,0.909656582263594
12.0,0.8134617793400223
215.0,0.7996918620027912
94.0,0.9993442175569086
197.0,0.38591816044683036
78.0,0.37575413301426963
216.0,0.7789928066954984
154.0,0.40786520112908203
266.0,0.9695010491664616
82.0,0.03559296378367233
76.0,0.40305944908843605
235.0,0.1947622420138822
0.0,9.954339629594799
