Node,fill_ratio
0.0,0.0
134.0,0.8470469188705548
299.0,0.22795383504538672
286.0,0.828935044202086
42.0,0.9254889320599347
76.0,0.9427219602959762
146.0,0.9569087819402453
142.0,0.9796156381150252
212.0,0.9840358070618922
191.0,0.6839472879785283
196.0,0.84723663357424
34.0,0.7678610503157892
207.0,0.6946560263159067
36.0,0.3065487935431162
0.0,9.99295670931868
