Node,fill_ratio
0.0,0.0
291.0,0.9444878798452436
92.0,0.9524103321370301
204.0,0.8423751442079704
154.0,0.07236033600650796
54.0,0.024656055706892888
5.0,0.8150077769837577
78.0,0.8684980940820217
215.0,0.9282986038294604
50.0,0.9448756419105443
112.0,0.9666618491837743
12.0,0.9822645613556963
45.0,0.39765194618244465
287.0,0.6843694147387636
141.0,0.42369033149229146
181.0,0.14566000969269305
0.0,9.99326797735509
