Node,fill_ratio
0.0,0.0
197.0,0.8925582274864745
51.0,0.4053125694492811
141.0,0.683626932774044
94.0,0.9239125358937482
12.0,0.7573102071344389
112.0,0.44013562679966917
45.0,0.562568863453845
287.0,0.33761659567393965
5.0,0.5830429689823396
38.0,0.6348576126148323
36.0,0.7205983504843309
71.0,0.740349276824043
215.0,0.28814642786003897
226.0,0.42628861350524294
181.0,0.6125386511801995
164.0,0.8842799501981338
78.0,0.10159684407542909
0.0,9.994740254390033
