Node,fill_ratio
0.0,0.0
210.0,0.9554709904951643
219.0,0.38684054664048206
115.0,0.8237216014683877
289.0,0.23460745672058714
91.0,0.9090725263612945
134.0,0.531713635256559
80.0,0.5168585255373174
209.0,0.8867268051582284
38.0,0.7469983454984058
5.0,0.9556554252415336
287.0,0.8223501688124114
37.0,0.7896709035495117
12.0,0.26815757996028317
78.0,0.590312373261644
291.0,0.5650307928684248
0.0,9.983187676830235
