Node,fill_ratio
0.0,0.0
125.0,0.769065654059106
100.0,0.7768065501277704
202.0,0.6911790926381696
252.0,0.2933640380133422
253.0,0.5623704002124634
280.0,0.5447144478769245
143.0,0.9324532560384088
42.0,0.5318625864425617
214.0,0.4689461414910097
25.0,0.4465834950690042
277.0,0.9611888988735595
222.0,0.3756805799373577
124.0,0.9752502229763769
80.0,0.5762460214863823
209.0,0.4366972336422151
51.0,0.5481166414271649
0.0,9.890525260311815
