Node,fill_ratio
0.0,0.0
184.0,0.8635770031391459
243.0,0.7552561005411816
161.0,0.6145932134503269
196.0,0.7815231295330671
146.0,0.9819109904605404
30.0,0.7171894665700376
154.0,0.19950004628270254
241.0,0.6842524800074223
76.0,0.788164706059796
279.0,0.766945592561892
82.0,0.6694681938675472
176.0,0.40496402417459537
94.0,0.7892068498547674
207.0,0.07257837865765253
191.0,0.8768646566108128
0.0,9.96599483177149
