Node,fill_ratio
0.0,0.0
223.0,0.7492753368241044
198.0,0.36281377582141705
164.0,0.5564463471888138
270.0,0.4654567405300055
101.0,0.07117679886367678
235.0,0.4683243073685551
207.0,0.6214568724499819
71.0,0.6439547449196006
136.0,0.5214278173889124
50.0,0.5096363625819942
12.0,0.48338150576528705
45.0,0.8890867519393068
37.0,0.8655831984727942
5.0,0.8653675360433264
197.0,0.18734726563049586
51.0,0.7953199553196152
38.0,0.9065950111569903
143.0,0.0349112354453662
0.0,9.997561563710244
