Node,fill_ratio
0.0,0.0
47.0,0.668643219924431
280.0,0.14279000522201207
204.0,0.33994511166899233
158.0,0.5937617718479753
286.0,0.8040555485406011
166.0,0.8062695564983058
143.0,0.13230875123791877
124.0,0.6503417609459251
121.0,0.7036286157087072
176.0,0.21108446226686658
207.0,0.6216449585635702
216.0,0.7155509966450377
154.0,0.7610782239490153
279.0,0.8746379099722676
76.0,0.45840356328654985
219.0,0.15073307920608858
289.0,0.4364996551486128
298.0,0.8044915979103414
0.0,9.875868788543219
