Node,fill_ratio
0.0,0.0
125.0,0.47157618855015837
95.0,0.3366042781939206
122.0,0.7710760989950476
61.0,0.7694929331919369
118.0,0.8098744458546349
112.0,0.9902130327935309
37.0,0.8655071258939803
284.0,0.4653889927660585
259.0,0.766828772148197
287.0,0.22642644359840375
78.0,0.6557695095384588
38.0,0.8278881500452181
291.0,0.7489743023322479
115.0,0.36464905573144213
210.0,0.9090210330129138
0.0,9.97929036264615
