Node,fill_ratio
0.0,0.0
300.0,0.6939484444671
91.0,0.486541878679273
141.0,0.8462166821288885
215.0,0.9064721109645469
50.0,0.9355352779703222
142.0,0.9664288119073056
270.0,0.8858411604055187
243.0,0.8955111354337087
64.0,0.36473960246784254
8.0,0.9018179824563178
63.0,0.2192564911926338
246.0,0.8137459385991912
198.0,0.39644663496566973
181.0,0.6790789515952211
0.0,9.99158110323354
