Node,fill_ratio
0.0,0.0
176.0,0.010995828658480478
47.0,0.06905800852140573
71.0,0.44277854504111414
15.0,0.17203028058201164
63.0,0.0
50.0,0.15255109134629524
12.0,0.37034894794417084
45.0,0.9112656330309005
37.0,0.7260806669373425
54.0,0.2499164898626788
36.0,0.4672873080213807
61.0,0.6091661676794883
205.0,0.23321101376762957
94.0,0.0
196.0,0.42041605754248923
191.0,0.7096582670650764
188.0,0.648360174109854
207.0,0.39500103995886615
204.0,0.6281531447035587
202.0,0.5810665738271655
100.0,0.0
210.0,0.31273101827056227
197.0,0.9326629021712277
0.0,9.042739159041698
