Node,fill_ratio
0.0,0.0
80.0,0.26806364082287626
92.0,0.4361265291353167
121.0,0.42521350446923345
253.0,0.05142581348425035
91.0,0.5800841615075195
115.0,0.526754876446957
78.0,0.6283784917450559
112.0,0.884840877626891
101.0,0.27061232923199297
69.0,0.8400414312133702
82.0,0.6607693634550311
77.0,0.481372888224232
124.0,0.45266179266332535
141.0,0.8534998000479084
128.0,0.7229606707393234
125.0,0.667375476974865
122.0,0.2061658739304262
184.0,0.8997196181644642
0.0,9.85606713988304
