Node,fill_ratio
0.0,0.0
176.0,0.9208724005318132
71.0,0.9337994998872772
196.0,0.37258306310413203
185.0,0.7555256848674021
63.0,0.8751552951790798
142.0,0.2976657375133115
246.0,0.17813409207541384
212.0,0.8970778636622737
191.0,0.32834858980870857
53.0,0.8122080199853808
50.0,0.4154541578542525
69.0,0.1932399460581959
141.0,0.40288344237079604
184.0,0.8330303848629703
64.0,0.959506561712267
259.0,0.8126809221237836
0.0,9.988165661597058
