Node,fill_ratio
0.0,0.0
272.0,0.34208174871590746
100.0,0.13441467693897424
252.0,0.3518515317928958
146.0,0.9419551231850414
238.0,0.794025189270296
77.0,0.1304044204158183
34.0,0.4596799018030407
51.0,0.5907747005098452
241.0,0.6650952681769974
196.0,0.8216198295696612
136.0,0.9420976682739192
53.0,0.6329452668048771
212.0,0.43513845959992314
94.0,0.15303257630506678
144.0,0.7464929960614123
266.0,0.7902005974440649
222.0,0.9509959945081483
0.0,9.882805949375888
