W1,Garbage,Distance
0.0,8930.573655392696,546.7018
0.1,8877.498467262772,357.2935
0.2,8841.194758817437,346.9418
0.3,8909.53964588853,356.6584
0.4,8841.14546320923,327.0955
0.5,8823.961894398599,344.67109999999997
0.6,8883.610689102798,366.5818
0.7,8894.040260165717,352.1159
0.8,8876.494458671106,342.9537
0.9,8857.813005032172,340.6427
1.0,8900.860537815137,358.08759999999995
