Node,fill_ratio
0.0,0.0
268.0,0.5281400572737537
228.0,0.3379014257750631
119.0,0.7567798069785374
85.0,0.9646855564468417
250.0,0.8301169113081226
32.0,0.7843148291928085
123.0,0.8439763102362505
104.0,0.1053053856960435
240.0,0.4047170954347994
132.0,0.6805080383065315
199.0,0.049301230974840196
290.0,0.07360275977183495
167.0,0.8610678390574154
269.0,0.8887277285517147
11.0,0.6944407482431083
190.0,0.5797356873704874
129.0,0.6045889873422853
0.0,9.98791039796044
