Node,fill_ratio
0.0,0.0
218.0,0.5880004634296284
276.0,0.6847608527383486
211.0,0.8375229656625875
159.0,0.6750857168336339
131.0,0.5314352323537945
283.0,0.5054120859566475
103.0,0.9736892173986396
60.0,0.7695315557731273
27.0,0.8124177489475269
19.0,0.6020667801094793
44.0,0.35823345406818585
251.0,0.6298656046535983
162.0,0.4643265487447691
87.0,0.8261853376232923
152.0,0.3563698562540816
199.0,0.3428642042560565
0.0,9.957767624803397
