Node,fill_ratio
0.0,0.0
90.0,0.4110471935560581
123.0,0.2016292055167488
132.0,0.684874612967294
199.0,0.10363613798988745
87.0,0.5975048278450318
220.0,0.18846357601420893
152.0,0.8667309588444584
177.0,0.9122653134394338
190.0,0.33840602579268575
159.0,0.4596646488495417
26.0,0.776757833054362
271.0,0.9718840307296328
3.0,0.75433431781106
251.0,0.45694629655533436
261.0,0.8869195992663481
21.0,0.9194316089495149
0.0,9.5304961871816
