Node,fill_ratio
0.0,0.0
129.0,0.5355258826955995
218.0,0.9785345446255066
119.0,0.6124559013773955
90.0,0.5204211478707984
32.0,0.43561162420495597
104.0,0.9436993977892963
240.0,0.6699358011247579
250.0,0.8867055855607351
132.0,0.7691945280203527
159.0,0.9827308513557277
26.0,0.6953332195910408
107.0,0.7100737440078577
85.0,0.5642999910173114
228.0,0.6857871097555011
0.0,9.990309328996837
