Node,fill_ratio
0.0,0.0
268.0,0.9859341686249178
228.0,0.7728400834265033
119.0,0.7880351495750221
85.0,0.5119386306819278
32.0,0.7233303039939631
90.0,0.17081370630621073
250.0,0.22816530459593942
145.0,0.17005320152647097
104.0,0.2130850656343885
152.0,0.8421937308731146
199.0,0.9518034436579387
290.0,0.8431448650297454
269.0,0.7926157332737559
167.0,0.49168741142298567
11.0,0.5278945310088536
190.0,0.17628187672345233
249.0,0.7349703509399178
74.0,0.05655942550366862
0.0,9.981346982798778
