Node,fill_ratio
0.0,0.0
131.0,0.8710142873937492
27.0,0.7630137370143858
29.0,0.851292249898244
16.0,0.9221997238356853
40.0,0.9968642947787976
59.0,0.7099825474284363
133.0,0.9526622592247745
137.0,0.32251185092100054
138.0,0.6398825195052891
231.0,0.8384555357215427
88.0,0.8942883145648536
1.0,0.1284707528718799
244.0,0.3260208368281419
282.0,0.7649324129308134
0.0,9.981591322917593
