Node,fill_ratio
0.0,0.0
123.0,0.297214113845096
132.0,0.6974316172371925
276.0,0.9148910681211709
59.0,0.9871924109920194
175.0,0.9200400525459036
109.0,0.9719683921178937
244.0,0.8160557922637421
282.0,0.5892091623895986
138.0,0.9478003913388365
133.0,0.6773325763102445
72.0,0.14218137638735162
224.0,0.39512228633300395
295.0,0.7093531377068845
83.0,0.8771247810390929
0.0,9.942917158628031
