Node,fill_ratio
0.0,0.0
2.0,0.9782694859989881
228.0,0.818542579905503
295.0,0.8716394142039001
137.0,0.9081321159176802
21.0,0.998114916901625
109.0,0.8071758696362691
224.0,0.4016621202155425
72.0,0.3779777004595479
177.0,0.1460011663378106
133.0,0.7329375012590754
98.0,0.6005608885653472
231.0,0.6404567655519798
59.0,0.39743735193317303
49.0,0.5514765853757645
1.0,0.5777525017962424
10.0,0.17541378059291973
0.0,9.983550744651367
