Node,fill_ratio
0.0,0.0
175.0,0.8431991416236851
93.0,0.9654051539095695
231.0,0.564292063582133
1.0,0.715803690678331
295.0,0.6307549980407676
282.0,0.3804648956889021
56.0,0.6361480850274165
220.0,0.9640598931350841
285.0,0.8496293967730125
159.0,0.9854258365498522
3.0,0.6959810478749733
44.0,0.887794230607726
218.0,0.8147507855036211
0.0,9.933709218995075
