Node,fill_ratio
0.0,0.0
46.0,0.541100051727418
156.0,0.3703717036505601
203.0,0.6795022448631332
113.0,0.37955448587409707
81.0,0.9462125863130669
149.0,0.9022765792031945
206.0,0.7541291101496617
262.0,0.9129036216571058
230.0,0.8666025843179631
255.0,0.26396301113458176
232.0,0.5514640706591467
83.0,0.6151282325917115
295.0,0.6409115319168194
224.0,0.7209124764156077
72.0,0.5208208953116628
0.0,9.665853185785732
