Node,fill_ratio
0.0,0.0
156.0,0.6767665412396405
149.0,0.8173463233827895
74.0,0.9100188744988371
203.0,0.2339964787906278
81.0,0.49534245973908575
262.0,0.7464189397373387
230.0,0.715282131327177
55.0,0.2782764454711297
295.0,0.9451266510709648
268.0,0.992404336701787
90.0,0.9516146202980927
119.0,0.8812200843915489
85.0,0.4028571826934774
228.0,0.8248682646775822
75.0,0.038786499189242554
0.0,9.91032583320932
