Node,fill_ratio
0.0,0.0
46.0,0.3700035405750314
282.0,0.9161598192420689
49.0,0.911754332001477
98.0,0.3081457175300441
88.0,0.7784621450883875
137.0,0.45642522361618615
231.0,0.4990233372859361
133.0,0.5675617705359144
244.0,0.9879175166906689
93.0,0.9676455163528113
72.0,0.9060245130956159
175.0,0.32931998256837003
295.0,0.5808336894555766
59.0,0.7579338807136107
224.0,0.5590178505825231
0.0,9.89622883533422
