Node,fill_ratio
0.0,0.0
269.0,0.9760201575244942
167.0,0.44693799463362477
56.0,0.7584878232227069
190.0,0.9815960854563506
199.0,0.6450425344720124
26.0,0.05853660008005013
145.0,0.9132059618141724
123.0,0.7288503728089031
129.0,0.6860753829488537
132.0,0.45987211748655776
74.0,0.8977958063920259
221.0,0.013949018691911452
116.0,0.6416440581183114
156.0,0.9790451428299826
149.0,0.8076991494625974
0.0,9.994758205942553
