Node,fill_ratio
0.0,0.0
19.0,0.9719056826516705
244.0,0.9910644551366529
251.0,0.38227327327821514
48.0,0.6505921984458
88.0,0.9722692212551058
217.0,0.5270906292436883
231.0,0.8607948898601703
35.0,0.4336697595927039
10.0,0.7358138320557585
261.0,0.8596188428285626
21.0,0.7422610140816522
139.0,0.8559166633737925
276.0,0.9970362833775276
0.0,9.9803067451813
