Node,fill_ratio
0.0,0.0
75.0,0.6258411949823758
137.0,0.7946818839646582
103.0,0.5993007031293168
40.0,0.8410467880655946
211.0,0.4344244618766267
29.0,0.7745313296514171
88.0,0.611306865780179
98.0,0.4825873967122265
10.0,0.5862777618356907
139.0,0.7332020506995142
251.0,0.46787435259309024
19.0,0.6316331167993279
21.0,0.6085800435865389
162.0,0.7506292074527069
17.0,0.9507184703042417
0.0,9.892635627433505
