Node,fill_ratio
0.0,0.0
276.0,0.8620840858402314
60.0,0.5847650723086801
16.0,0.9172444751360457
29.0,0.9173755727541647
139.0,0.49062351281959743
251.0,0.5098018844280089
19.0,0.21106265733823465
261.0,0.550538019237811
23.0,0.7405153278132003
17.0,0.8336125799244638
48.0,0.5814509311766842
211.0,0.8909083670755539
217.0,0.8917300178093812
35.0,0.9780495345575955
0.0,9.959762038219653
