Node,fill_ratio
0.0,0.0
268.0,0.6286312155688929
228.0,0.603800768012189
250.0,0.6902333334145232
145.0,0.7265707083277937
240.0,0.8508126664701222
218.0,0.9496349695873978
132.0,0.7537326795594275
199.0,0.23987033822246773
269.0,0.9203373400772589
167.0,0.10034075942296064
129.0,0.954753678945957
74.0,0.9912161344194107
46.0,0.5769927516125962
221.0,0.7523643551409982
203.0,0.2597515978210687
0.0,9.999043296603064
