Node,fill_ratio
0.0,0.0
145.0,0.39293730502780666
283.0,0.9348110837160062
203.0,0.7808388312032242
81.0,0.3120059338847825
232.0,0.8897333618806119
113.0,0.34230326023040125
46.0,0.45050049121305424
74.0,0.2338017924283668
221.0,0.4731097695831971
230.0,0.9983273440604589
156.0,0.5802458764210487
249.0,0.36240394423847944
116.0,0.9914773343577109
56.0,0.1828693848183092
262.0,0.5769017787576085
43.0,0.5667326205787548
149.0,0.9046288331203528
0.0,9.973628945520174
