Node,fill_ratio
0.0,0.0
156.0,0.6019234310151316
203.0,0.5123637775457907
113.0,0.8432154571564846
230.0,0.6341040313763313
149.0,0.4705610882508877
46.0,0.5010618378331197
74.0,0.853945678710958
116.0,0.5989785081772105
221.0,0.6116224407185322
249.0,0.21111893832861767
55.0,0.34566492459482473
262.0,0.29555443446113844
43.0,0.292394623296741
90.0,0.823654528836702
129.0,0.9183390547439146
167.0,0.642511944283806
11.0,0.7696198017636163
93.0,0.04758911652237584
0.0,9.97422361761618
