Node,fill_ratio
0.0,0.0
116.0,0.8968866406209595
221.0,0.8877384990272437
206.0,0.7074139673335101
262.0,0.9732939421283933
249.0,0.849416471208183
167.0,0.8613050615562481
190.0,0.7999316351026756
159.0,0.577368212744017
283.0,0.8864161169281947
131.0,0.8015843545174582
9.0,0.6934663016250514
109.0,0.7059237961357935
244.0,0.33325458354865495
0.0,9.973999582476383
