Node,fill_ratio
0.0,0.0
43.0,0.9534358247578352
156.0,0.5817966383344932
46.0,0.73755918731985
74.0,0.9563837561460774
116.0,0.4170487283209009
249.0,0.5104372551682055
206.0,0.6644924224044657
262.0,0.831461740046015
167.0,0.8291288294140725
269.0,0.788581765108471
290.0,0.9762618546350069
26.0,0.9198592140343514
190.0,0.807109230146605
0.0,9.97355644583635
