Node,fill_ratio
0.0,0.0
90.0,0.07098919115138647
104.0,0.24102973233592573
152.0,0.5457774854056106
3.0,0.5522461312006698
27.0,0.7008859515972715
139.0,0.7960535492598473
48.0,0.9718759595324512
17.0,0.822993784959794
217.0,0.08617695693622342
211.0,0.5852085683214978
138.0,0.9949664699519221
133.0,0.9377591125274826
1.0,0.903103683884867
10.0,0.8069670264698575
244.0,0.23855290501785098
109.0,0.5854665569805935
249.0,0.14128501738851004
0.0,9.981338082921761
