Node,fill_ratio
0.0,0.0
231.0,0.6960314069891137
273.0,0.35485901479761983
21.0,0.6707024080963654
139.0,0.6120287904286236
261.0,0.4173072706652777
16.0,0.5112526652372261
271.0,0.8898190838744722
162.0,0.654054983456528
48.0,0.5853413109046325
276.0,0.621417460563762
9.0,0.6462092106498291
251.0,0.5267854429577292
23.0,0.23251230412914373
152.0,0.9291929680473372
19.0,0.5048059153591522
29.0,0.2374998611283046
282.0,0.8905298271269695
0.0,9.980349924412089
