Node,fill_ratio
0.0,0.0
113.0,0.8274809597570061
262.0,0.4833543030588989
203.0,0.1852252429170782
116.0,0.4234382145056932
206.0,0.5731279232725647
221.0,0.27424703982171394
74.0,0.3979735907516498
156.0,0.971173654365603
81.0,0.5526470337702539
55.0,0.7582993431122963
230.0,0.8427708921868303
255.0,0.3595693585952631
232.0,0.6088774294487422
11.0,0.8077507484200553
167.0,0.8827163359381031
290.0,0.06704252752270852
177.0,0.9744497519991795
0.0,9.99014434944364
