Node,fill_ratio
0.0,0.0
268.0,0.6043593197147711
228.0,0.8259323085500162
119.0,0.5806452259096341
85.0,0.8286529061182892
145.0,0.8143867792687614
250.0,0.25290121076787025
104.0,0.22451602570389562
107.0,0.727215536626298
240.0,0.9579458599261376
132.0,0.8279422553809771
129.0,0.6908019022677753
269.0,0.7653737330501681
123.0,0.9392153869639468
90.0,0.9411825687075333
0.0,9.981071018956074
