Node,fill_ratio
0.0,0.0
268.0,0.8295231655007547
228.0,0.706529632303191
119.0,0.9450791978078319
32.0,0.7759739087498881
123.0,0.9868106817987558
90.0,0.3565539371117411
85.0,0.15075311618206874
240.0,0.8559587810358176
177.0,0.9549852814594989
167.0,0.8829731243923159
269.0,0.8371439288555228
129.0,0.06244141554258806
190.0,0.8171047720861403
221.0,0.8065608673841166
0.0,9.96839181021023
