Node,fill_ratio
0.0,0.0
240.0,0.47249335500651357
3.0,0.8583416767991209
190.0,0.7202872400403914
152.0,0.7869313194402495
220.0,0.9567091085022392
87.0,0.17122781832999345
159.0,0.9026446480798195
27.0,0.8835311930366204
251.0,0.9747856360414175
107.0,0.5288340731988661
218.0,0.6920783486510486
132.0,0.844053266224175
199.0,0.28281621809411805
104.0,0.8707648506117538
0.0,9.945498752056327
