Node,fill_ratio
0.0,0.0
119.0,0.008052621625281198
32.0,0.32479287078831576
290.0,0.44752232748107273
26.0,0.5126653247912427
159.0,0.6203428613172159
220.0,0.7778408568645273
261.0,0.7887733362248948
162.0,0.7288307963056411
35.0,0.9326181017235058
231.0,0.9850311952498958
98.0,0.3959885361786788
40.0,0.713531321113919
137.0,0.3574345954899607
59.0,0.46822989218256134
72.0,0.903116243513582
22.0,0.9485928399143316
0.0,9.913363720764627
