Node,fill_ratio
0.0,0.0
60.0,0.8813627473571538
27.0,0.7847885575388134
162.0,0.2945055894528134
23.0,0.2234041595356911
48.0,0.8774798721512146
217.0,0.9219764164205835
88.0,0.8683194487094485
211.0,0.3506315434629034
35.0,0.6799601730555772
1.0,0.6829627211426169
231.0,0.548561592873961
40.0,0.842669165841776
98.0,0.9989144935927801
49.0,0.9282266214095912
0.0,9.883763102544924
