Node,fill_ratio
0.0,0.0
81.0,0.5932215701073843
177.0,0.6239116502757113
1.0,0.9190680307301353
59.0,0.772527945017837
98.0,0.6176067775255615
49.0,0.6316323336590405
217.0,0.5495501832060258
137.0,0.5882572476008486
35.0,0.6031662883024195
72.0,0.9147752629120888
10.0,0.9174729112221737
138.0,0.5841238609200183
231.0,0.2876063126052681
133.0,0.9006724753590689
211.0,0.4795831396388674
0.0,9.983175989082449
