Node,fill_ratio
0.0,0.0
87.0,0.7724077221232417
220.0,0.23386774363737628
103.0,0.9597584437641896
9.0,0.8164667625641551
167.0,0.73623412262605
11.0,0.8337317349732417
56.0,0.8982385982001474
283.0,0.7238999603985541
109.0,0.7484575866624503
175.0,0.2628783215286896
72.0,0.7580747863143814
282.0,0.5814740257643098
22.0,0.8545398374673978
131.0,0.33283450302006135
159.0,0.4828122830837041
0.0,9.99567643212795
