Node,fill_ratio
0.0,0.0
59.0,0.8712769881211572
217.0,0.7627475221678923
175.0,0.8725109963753724
109.0,0.7166459692451959
35.0,0.7839195418997188
1.0,0.35568003014538746
137.0,0.6975926654090705
133.0,0.3789035917324101
49.0,0.31666062729645916
138.0,0.24338170705647924
98.0,0.828605464732374
93.0,0.508669837400659
211.0,0.2758846872689657
88.0,0.5762879046083962
40.0,0.1999133963875998
244.0,0.6484447777828635
17.0,0.9460675320274975
0.0,9.9831932396575
