Node,fill_ratio
0.0,0.0
73.0,0.005522117123602399
257.0,0.936154774160781
151.0,0.9108811812381854
155.0,0.9864694950581527
135.0,0.9437823812640903
192.0,0.9073130621075077
275.0,0.5277078162875712
193.0,0.9066506994897598
227.0,0.9771738963379961
70.0,0.9873711185126858
183.0,0.9278287012283915
140.0,0.9750151387266198
0.0,9.991870381535344
